feature,pos,neg,compound,score
phone,542.3750000000022,49.52299999999999,387.98150000000226,91.6331867990769
product,236.55400000000026,22.885999999999996,152.85060000000036,91.17869256860932
price,96.878,6.264999999999999,81.06819999999978,93.92590868987715
camera,202.63300000000038,52.946000000000005,127.28440000000015,79.28390047695628
quality,127.40099999999997,53.20799999999999,63.91999999999979,70.53967410261947
battery,138.09699999999998,52.89699999999999,72.57239999999973,72.30436558216488
problem,6.538,39.94599999999998,-27.104800000000026,14.065054642457627
issue,12.914,11.201,-0.24929999999999974,53.55173128758033
